frame,track,u,v
0,0,-0.0411,0.208
0,1,9.97,10.0
0,2,15.2,14.9
0,3,None,None
1,0,-0.0099,0.00141
1,1,9.9,10.1
1,2,15.1,14.9
1,3,14.0,13.0
2,0,-0.009,0.00141
2,1,10.0,10.099
2,2,15.0,14.89
2,3,14.1,13.0
