frame,u,v,area
31990,-0.0411,0.208,813
31990,9.97,10,278
31990,15.2,14.9,376
31991,14,13,376
31991,-0.0099,0.00141,216
31991,9.9,10.1,666
31991,15.1,14.9,200
31992,14.1,13,376
31992,-0.009,0.00141,216
31992,10,10.099,666
31992,15,14.89,200
